Latency (ms),Jitter (ms),Bit Rate (Mbps),Packet Loss Rate (%),Peak Data Rate DL (Gbps),Peak Data Rate UL (Gbps),Mobility (km/h),Reliability (%),Service Availability (%),Survival Time (ms),Experienced Data Rate DL (Mbps),Experienced Data Rate UL (Mbps),Interruption Time (ms),Service,operators
97,7.04679874,19.20776038,0.040491306,5.722963901,4.242567294,402,98.98626237,95.01233392,60,275.2285959,330.6149403,209,UHD_Video_Streaming,Orange
72,2.183248748,45.05967796,0.816551235,3.574741029,7.418138232,184,96.405634,95.61170283,65,409.6529174,11.67352225,275,UHD_Video_Streaming,Africell
147,1.607697884,30.43971439,0.824425688,0.77149955,1.607398209,28,97.70184094,95.28851352,51,808.5354628,431.8365608,354,Immerse_Experience,Africell
130,18.06121658,24.98529628,0.896952412,17.34516094,2.392937378,278,98.2918999,95.51965006,88,927.2358516,277.3257522,620,Smart_Grid,Orange
13,19.89076035,22.88593212,0.764713924,1.2546992,8.206807995,486,96.49062788,98.19340219,24,820.3670431,204.729783,919,ITS,Orange
135,0.168491084,25.22213017,0.356464899,9.886065715,1.621886139,322,96.30145358,96.89206594,13,319.9137545,220.8152032,367,Vo5G,Africell
115,0.574295912,43.01264258,0.932019293,19.78929081,9.387696607,427,95.42145424,95.90910402,5,655.1115417,474.541638,163,Immerse_Experience,Orange
104,11.58196582,33.33082372,0.383574813,3.142483718,1.910362004,113,95.59253474,97.23372119,2,887.5730966,131.3160925,82,e_Health,Africell
98,17.07770598,8.787915807,0.989315323,13.47323698,3.531406091,29,97.30678469,97.66926918,88,725.0418628,329.41455,872,Connected_Vehicles,Orange
5,19.94315231,38.71759154,0.696752274,17.21715929,9.353328911,126,95.62186281,99.02160907,2,634.5314478,352.0091971,976,Industry_Automation,Orange
137,6.642786914,13.42744613,0.829286098,9.97387843,6.84685227,125,96.35990695,98.78165349,73,940.4758897,391.8487713,96,UHD_Video_Streaming,Africell
106,17.72527099,38.17671254,0.69421562,4.982800496,0.3566899,303,98.62588027,95.79297435,85,916.6034385,473.3892587,601,UHD_Video_Streaming,Africell
44,10.35741365,12.2521086,0.62677416,18.46606636,4.110575423,142,96.18352024,98.2638926,2,758.8196292,37.16341458,390,Immerse_Experience,Africell
60,7.816338958,32.38470796,0.804170977,18.85381638,7.105023721,485,99.40360568,97.36446003,90,564.3868213,90.7533571,298,Smart_Grid,Africell
140,8.840019885,14.07355588,0.353208454,6.233548858,0.397752077,34,97.27948184,99.15085097,17,566.4932038,248.2642912,419,ITS,Orange
145,0.231648902,19.93601151,0.798257468,4.079418361,8.685265765,466,99.15043941,96.97214535,94,496.979325,286.4138989,670,Vo5G,Orange
77,12.04741835,30.35135721,0.825662519,8.95188913,1.176302164,226,97.40580215,96.0775895,57,139.2477846,268.0010653,154,Immerse_Experience,Orange
104,1.28964597,13.77336163,0.165946979,12.79024945,7.827679658,401,98.50449509,97.25139888,82,796.5171534,339.6551816,934,e_Health,Africell
87,19.91169853,24.57589895,0.245674569,10.63615198,5.654914318,174,96.17021553,99.37998329,53,867.3588473,199.363447,540,Connected_Vehicles,Africell
5,1.990137895,14.06065725,0.800530879,16.51928267,6.133904955,133,96.50680991,97.78721919,21,50.97482453,265.1337191,302,Industry_Automation,Orange
62,14.63703367,2.149165402,0.22940274,13.41062816,2.876777691,61,96.20091031,95.75325319,13,390.0159151,113.3442592,552,UHD_Video_Streaming,Orange
86,0.685141073,23.96666931,0.960015824,3.249152924,8.135439942,11,95.26971795,98.76997893,59,773.0659067,383.4429562,138,UHD_Video_Streaming,Orange
125,2.972492992,36.05816867,0.84780284,3.197384206,6.023601682,93,97.60590105,96.54999416,52,206.2833604,329.3625442,218,Immerse_Experience,Africell
19,8.9313936,41.22718233,0.779345653,7.639707554,1.434210605,161,99.3859104,99.0638103,63,364.741033,424.1573888,106,Smart_Grid,Africell
38,19.71921948,18.80212009,0.054199633,4.696376641,6.151647422,107,99.35229433,98.71132366,57,192.2814608,362.1973619,554,ITS,Orange
18,19.60643863,16.88229196,0.190563962,10.77078655,2.036282344,404,97.98986895,98.32769975,91,82.9997229,381.1892681,823,Vo5G,Orange
1,12.95682715,35.20458428,0.074129162,15.01199225,7.972392815,311,99.68536284,98.55007364,10,991.9534927,65.95600573,731,Immerse_Experience,Orange
80,0.810880292,22.09427694,0.658921892,7.737724397,0.756522988,360,98.34387673,98.44838219,42,799.1177806,80.82149819,569,e_Health,Africell
129,9.608644266,6.932590923,0.395646416,13.83511437,1.305920165,184,99.61822524,96.58323864,55,471.8525535,470.0035233,861,Connected_Vehicles,Orange
147,5.27573304,45.38610788,0.068816331,5.424377491,5.324398058,208,96.96574041,95.30687282,70,17.87030034,262.5773511,383,Industry_Automation,Orange
20,19.91033058,31.65325506,0.476828601,1.052163056,7.780151779,353,95.28526139,96.34757673,48,203.6052554,128.1956294,173,UHD_Video_Streaming,Orange
65,9.112421173,0.241884214,0.358921095,3.962054209,2.85026529,29,96.85600731,95.92537629,53,640.1676159,177.2003499,167,UHD_Video_Streaming,Orange
90,4.686471567,7.950953594,0.28901483,12.05731707,4.117984286,393,95.18268106,96.8873892,87,759.0292353,38.92519896,819,Immerse_Experience,Africell
40,15.61777415,2.616088004,0.352777436,19.11802458,3.233455995,249,98.45388214,99.85196364,98,708.6096319,96.63020533,264,Smart_Grid,Africell
41,18.09310047,44.14707909,0.344097809,5.585639176,8.567214167,10,95.06953078,98.17258954,78,350.743166,252.9511731,304,ITS,Orange
76,19.11202109,42.94785383,0.235483124,19.62063908,2.543117166,245,99.37371893,97.08103859,13,216.858311,266.3233419,174,Vo5G,Africell
44,0.42597708,20.17967149,0.17494934,11.59349529,0.290810704,451,97.92958623,98.25519206,78,939.8945378,158.6760343,697,Immerse_Experience,Africell
113,17.55518289,16.50875813,0.713992182,6.651634394,3.665845605,488,99.44190415,96.74887829,96,298.7628309,130.3776071,675,e_Health,Africell
16,0.823908447,15.07353055,0.747136045,9.582281708,7.398121526,13,99.46014356,97.57165338,100,65.27246707,300.2829839,785,Connected_Vehicles,Orange
43,17.3311951,25.8754665,0.733788461,14.04581747,9.787783832,257,95.54771097,98.91052831,31,706.765469,209.5160615,178,Industry_Automation,Africell
92,2.489630571,37.73808927,0.622641571,15.11361303,6.16027901,487,97.78711658,99.74986453,30,544.2415372,231.2671662,437,UHD_Video_Streaming,Africell
87,6.70733121,29.49426595,0.449617393,3.040187162,4.678823532,235,95.69061478,96.98135089,91,744.0103044,186.0895252,109,UHD_Video_Streaming,Africell
44,2.320662641,12.83534262,0.607248968,16.58208679,2.755737429,303,95.1562332,96.23072185,81,916.3184651,461.4934968,533,Immerse_Experience,Africell
43,16.79676959,6.218920236,0.303119431,5.773056771,0.250878011,222,99.64493172,98.18727165,81,6.414890201,100.426526,176,Smart_Grid,Orange
138,11.33702491,3.480353422,0.133209005,15.77778756,1.460180758,317,96.63892094,98.7036211,62,23.09885324,265.7455002,476,ITS,Orange
142,19.1784935,15.07509615,0.834819111,18.86344376,7.072037373,225,96.70740057,96.60076935,16,68.85773126,174.3204108,944,Vo5G,Africell
141,6.558013233,36.97727971,0.034249782,9.342788788,9.720205502,421,95.21199574,99.90171886,5,224.8786077,441.5800034,534,Immerse_Experience,Africell
89,10.855716,1.840689123,0.725964457,0.237618114,1.974496182,101,98.72701533,99.62358613,53,823.6562344,114.472558,342,e_Health,Africell
38,5.913181607,19.5055123,0.774682712,2.599602623,1.91384605,85,96.6492701,99.50629609,75,478.6576244,340.8713799,125,Connected_Vehicles,Orange
71,13.34038462,11.30545686,0.974111047,4.245109479,6.549439027,256,98.87693639,96.00890819,19,954.6988476,221.3666067,479,Industry_Automation,Africell
78,9.275897181,27.03156724,0.694371913,13.25994854,7.060184578,58,99.55434591,98.3690488,54,675.0689435,152.9040807,565,UHD_Video_Streaming,Orange
43,0.088162533,6.134998174,0.488067825,1.12580135,6.573366206,39,96.74796024,96.50386253,3,418.9375634,347.8032821,496,UHD_Video_Streaming,Africell
67,2.943899652,18.24539548,0.775626164,13.84181164,7.524441786,233,98.18143608,97.56626296,38,352.4106889,42.01449869,103,Immerse_Experience,Orange
46,13.11874995,15.24041686,0.198046585,3.742556207,8.181537959,284,95.94886999,97.93953846,1,939.813589,409.5638149,779,Smart_Grid,Africell
35,15.15359471,35.27881728,0.335784571,16.28003791,7.977144,231,95.92829523,98.77380386,73,103.0594921,334.9497224,326,ITS,Africell
76,3.482078655,36.60087267,0.419586521,2.414955605,3.054519433,157,96.93074612,95.99819439,13,521.3074503,178.4145454,50,Vo5G,Orange
146,16.89612691,18.39609335,0.397497843,8.790735879,1.552126007,246,99.34234932,95.03339565,90,396.6700686,66.47927671,368,Immerse_Experience,Africell
92,10.19208559,28.38618552,0.389541527,15.47141166,5.221761423,349,99.8303952,95.53860485,19,7.910052373,345.9729088,159,e_Health,Africell
78,9.292844632,31.00136501,0.942632881,6.819259711,8.309658116,42,97.97396411,95.25508507,98,231.2577704,249.2872792,649,Connected_Vehicles,Orange
66,2.233634792,12.83775284,0.817660501,11.14754558,6.649582635,217,99.67108686,99.74937874,16,527.9953831,266.0221765,20,Industry_Automation,Orange
41,18.92117829,6.145438966,0.943092723,3.497524408,5.12847468,88,95.68441004,96.93278392,18,98.47569725,476.9994903,930,UHD_Video_Streaming,Orange
120,17.10952445,40.89259983,0.600590553,8.826442379,6.309120647,5,98.48864686,98.21123225,58,63.16218639,277.3188284,910,UHD_Video_Streaming,Africell
138,8.237723161,49.06572815,0.834957603,4.819798538,4.449058554,122,97.55522727,96.82486235,98,129.2192549,171.0903417,258,Immerse_Experience,Orange
43,4.329664436,24.03186291,0.220752868,12.68431522,4.721844108,136,96.38546553,97.25725961,33,632.5025278,36.01077427,663,Smart_Grid,Orange
34,10.64762136,43.55044909,0.368185346,4.623537962,3.697739665,406,95.62200285,98.87905213,61,578.9213021,37.12613485,381,ITS,Africell
73,15.63793221,32.13801397,0.38251018,4.896118577,8.783195284,35,95.21694621,95.41386669,98,512.869024,488.5217367,474,Vo5G,Orange
39,8.99828641,44.68258106,0.544573569,4.535798585,6.85718503,171,95.63180511,95.71917986,70,171.0477552,16.21443246,891,Immerse_Experience,Africell
111,4.6793967,24.63044311,0.017369904,15.58523207,3.19709611,64,98.68107456,97.97942959,62,564.1317991,142.5208186,552,e_Health,Orange
61,6.870756123,7.588888301,0.361839651,15.38734864,4.015165723,62,97.58440104,95.28961102,97,977.0964549,253.6850527,534,Connected_Vehicles,Africell
115,17.74787985,16.14907319,0.814172644,16.76601117,2.952953042,395,98.40425332,98.6853109,50,571.1065615,221.2422705,41,Industry_Automation,Orange
112,5.341410259,16.27892554,0.561708028,6.235981232,6.578640487,116,95.28182035,96.81830506,14,521.6021866,370.3482328,306,UHD_Video_Streaming,Africell
128,1.930847108,0.947572222,0.56778339,15.07341546,5.926083157,427,99.94734969,98.04262253,76,916.1707569,146.1483489,847,UHD_Video_Streaming,Orange
88,18.21095533,12.73242428,0.525868937,8.596710189,6.994123563,14,95.25250692,97.25363329,60,114.8938259,26.89129216,249,Immerse_Experience,Orange
62,11.58458029,18.58879154,0.815770247,16.60077936,6.357330206,211,98.3023098,95.8357428,47,413.4753009,44.21482829,820,Smart_Grid,Orange
56,7.983007142,25.0467409,0.70324145,2.304255583,9.032646521,268,96.43128438,97.91552745,59,345.4715701,425.9284,717,ITS,Orange
36,14.26481913,49.20904026,0.717399902,8.431984215,8.420211635,84,99.83829371,95.99955026,33,132.6835751,394.6881765,883,Vo5G,Africell
33,3.782917614,13.58432462,0.746924439,10.86590997,8.86563137,342,99.7383986,97.87160655,10,899.9239269,64.87838131,153,Immerse_Experience,Orange
92,17.47607241,41.1922788,0.311242041,3.505393437,3.582472932,261,97.78684714,99.61501602,82,324.3208778,183.8280243,756,e_Health,Africell
25,3.785801665,13.35500151,0.592693554,16.95896466,6.901360003,114,99.09261672,95.1806841,6,917.1178315,280.6187759,379,Connected_Vehicles,Orange
16,2.601821705,14.00728919,0.524580715,12.50217695,0.815630121,312,96.03382241,97.66605313,54,321.6308479,165.1770046,768,Industry_Automation,Orange
40,1.558391482,7.206765545,0.34312961,6.724221717,6.957566213,114,96.49664903,96.89934861,82,20.56268636,431.9416579,841,UHD_Video_Streaming,Orange
125,0.581559763,36.75049058,0.709460074,13.31419436,4.8964215,30,95.68132381,98.37183678,61,766.7380066,311.4896674,655,UHD_Video_Streaming,Africell
4,1.571983766,1.224681928,0.340852553,5.869152625,2.567637216,132,98.75119176,95.53745814,55,190.2267881,20.59090147,699,Immerse_Experience,Orange
85,17.53012449,16.77669465,0.650379997,8.013074,2.985326304,456,97.93697099,95.57780851,14,582.6704275,472.1099171,915,Smart_Grid,Africell
100,10.75490411,41.86933967,0.817986625,18.42369201,0.801358278,440,99.68072111,99.36053829,68,317.6046549,417.2515303,124,ITS,Orange
106,19.03211557,20.99077543,0.864793439,19.05410358,3.57335343,415,97.13850759,99.01510184,25,14.71353024,39.97338916,285,Vo5G,Orange
88,4.689169727,35.59380346,0.259782808,14.33503147,7.040168899,370,96.71402893,96.17482894,8,357.1473141,404.7067835,739,Immerse_Experience,Africell
76,8.28064963,5.037654743,0.476697924,8.968869883,1.073318138,455,95.34905158,99.38149776,27,409.473304,121.8341582,665,e_Health,Orange
89,3.496709105,1.944298784,0.921481225,13.90386742,4.394930207,116,98.2287104,99.82776914,23,945.3391684,412.6708603,63,Connected_Vehicles,Africell
141,9.639591777,32.45987732,0.820821024,19.73559566,5.639479808,138,95.90974388,95.83300959,76,203.9608711,372.1762726,495,Industry_Automation,Africell
33,3.30364731,42.235672,0.329672752,19.71542078,8.448496525,179,99.69743604,99.40444028,20,779.851923,120.1981245,678,UHD_Video_Streaming,Orange
2,17.28267775,42.14668773,0.24177343,19.74867088,9.087171906,241,95.03964962,97.97039272,63,531.9242279,462.7440195,164,UHD_Video_Streaming,Orange
33,8.45458629,35.01139231,0.218941779,8.405685016,9.812178852,15,98.8521431,97.39867932,30,425.634063,380.8698651,31,Immerse_Experience,Africell
113,8.939663811,29.65789935,0.739531642,12.84352925,0.42348545,44,98.88969064,96.1298877,16,54.36957729,146.8252415,283,Smart_Grid,Orange
92,16.42007023,24.9662996,0.736952923,3.084902759,9.705329681,287,97.42800528,97.36107862,81,963.7737747,211.5853888,238,ITS,Africell
100,4.482058486,7.742666209,0.59249488,13.97353558,9.323298057,112,99.23346044,97.84521272,97,541.2538708,65.75369653,208,Vo5G,Orange
70,0.530324317,45.2380418,0.641173806,10.16412781,7.707324728,152,96.23252306,97.17554777,63,568.2413205,394.9418893,882,Immerse_Experience,Africell
39,1.921667734,19.93500353,0.355730616,13.03349808,7.497704458,218,99.63619955,96.65063107,80,448.3591619,368.3054415,243,e_Health,Africell
97,2.045547897,47.10972453,0.722898302,2.652936198,4.380541602,17,98.36120235,95.24528482,82,607.1420866,484.0676788,800,Connected_Vehicles,Africell
61,16.29874128,16.59600328,0.851904088,19.90106771,1.998745374,14,97.2966842,96.47421283,43,577.2880489,287.9879225,159,Industry_Automation,Orange
122,6.477785969,8.241623978,0.617487835,17.80305628,8.650547217,18,99.30911281,96.52007228,40,770.4086697,40.07532578,274,UHD_Video_Streaming,Africell
138,13.56704419,44.45656606,0.736761343,2.883441029,7.646453231,379,97.20825557,95.87457972,1,633.586035,269.8271714,831,UHD_Video_Streaming,Africell
135,13.71874178,18.31829632,0.959574303,16.3394822,5.305364459,31,99.22304399,97.56976702,98,695.4162133,87.02881168,663,Immerse_Experience,Orange
104,16.91825859,39.639242,0.091365548,1.325874409,0.940164431,119,97.16201908,96.62801003,82,851.6316688,168.4992542,152,Smart_Grid,Orange
24,8.800577488,14.81798979,0.810659063,14.65033678,8.279142158,194,96.29563522,96.26414983,10,338.4685335,275.4957348,302,ITS,Africell
142,4.812621465,20.43287516,0.102273849,12.76233831,6.866690806,366,99.38885504,99.59151935,10,363.3432362,75.71065786,20,Vo5G,Africell
38,16.81264709,25.50702363,0.348217006,19.67830704,2.404320742,375,98.66666267,96.08226002,32,664.3546436,40.47443456,479,Immerse_Experience,Orange
98,9.238931262,30.13459396,0.91824688,14.26338629,7.541222298,471,99.71773119,96.09450387,1,14.3060165,263.6889192,330,e_Health,Orange
48,12.68499867,42.03912833,0.263491456,9.181509461,7.946976138,253,96.16367751,96.60467117,3,10.65543359,476.9089117,462,Connected_Vehicles,Africell
123,17.22297644,35.83186059,0.246330585,12.55805659,4.841058419,453,99.1275369,99.31404562,40,389.2651371,63.16400978,833,Industry_Automation,Orange
98,16.5501985,20.29906647,0.921846752,6.070702689,2.792774864,276,99.74456402,95.58449629,78,585.9112721,228.2703948,502,UHD_Video_Streaming,Orange
42,14.25664064,16.38947667,0.352389849,17.33176096,9.924173624,375,97.40457718,96.50391642,42,421.4507482,192.5499347,260,UHD_Video_Streaming,Africell
12,3.52547072,49.41083577,0.707076101,0.415885438,2.891611676,99,97.61675526,95.08960654,51,728.3366886,23.99830309,165,Immerse_Experience,Orange
110,15.42284291,33.42637496,0.341563075,5.696582116,6.521101033,83,97.65094074,95.34735788,74,922.3922974,277.2877249,176,Smart_Grid,Africell
128,16.8994699,17.70729478,0.806496536,15.44856005,3.135731726,422,96.70578142,96.22733161,93,325.6473366,320.4232691,624,ITS,Orange
48,1.597824965,41.05759232,0.357203525,2.939556238,7.532258796,409,96.33666929,99.61289363,5,993.1556713,401.8323498,25,Vo5G,Orange
7,17.6018816,35.21122404,0.15459093,0.62711769,8.045772746,460,98.59668627,97.51792082,30,635.290059,67.73741128,80,Immerse_Experience,Africell
42,17.97283216,24.79071021,0.436854561,1.273748765,8.430151044,207,98.20242752,95.27001721,14,650.0727875,186.6587875,350,e_Health,Orange
26,2.287913515,2.626900676,0.504287424,5.118256349,6.404520144,488,95.04633431,98.11211813,52,520.3902565,56.19156601,849,Connected_Vehicles,Africell
15,6.713082486,36.59936167,0.390902943,2.259133143,0.567626988,175,95.35621063,95.20827309,65,47.27174127,490.931349,581,Industry_Automation,Africell
39,15.52565719,1.979522188,0.191204109,16.08992447,2.145444293,337,95.23356993,95.63944278,74,829.5708388,78.99895346,402,UHD_Video_Streaming,Orange
125,12.1241591,6.294065935,0.629249355,17.94376763,1.95198207,9,95.19085319,99.86573819,31,566.7046813,392.9830349,545,UHD_Video_Streaming,Orange
43,8.868044662,31.0883712,0.80735523,13.03709235,4.916778773,263,96.4582961,99.64368548,76,428.0306042,11.93786993,858,Immerse_Experience,Orange
44,15.79177772,24.12017863,0.415754291,12.46529924,4.146937185,29,99.8159667,97.29943807,3,352.4943612,188.8894688,930,Smart_Grid,Orange
16,3.497373521,36.68118478,0.390105997,9.065760817,3.60206267,331,98.42897272,96.08385089,50,510.671211,154.6077273,422,ITS,Africell
109,7.585551959,31.05334938,0.797951538,15.32308549,9.539903251,470,99.80354882,98.10507054,34,211.2918973,217.7268008,542,Vo5G,Orange
73,4.043000747,37.46793783,0.854313258,0.241315064,7.731526838,30,96.37797595,99.96760157,91,158.5728983,481.8688648,231,Immerse_Experience,Orange
108,10.07486423,37.10268266,0.9063225,5.609863544,5.758213849,225,96.2566522,98.20406059,80,823.3175543,174.1362784,588,e_Health,Orange
93,6.644720631,3.732281128,0.776603223,16.82299924,2.980477775,257,95.46293845,97.9494279,47,248.5008064,247.8167156,559,Connected_Vehicles,Africell
136,18.37707763,7.527125328,0.02265624,16.17576814,4.731568812,420,99.25468089,99.76970986,46,717.49075,480.3691315,16,Industry_Automation,Orange
59,6.165076444,19.19915164,0.953333168,1.662142245,6.265839156,250,95.33810956,99.08587833,44,689.2053259,469.7006021,316,UHD_Video_Streaming,Orange
5,12.56193718,31.16756945,0.948530258,12.63364994,9.756076617,75,99.10120643,97.00639381,98,648.8774853,273.0504073,533,UHD_Video_Streaming,Orange
130,15.70677585,42.06882843,0.76763767,19.41278317,6.811937592,498,98.22008003,99.84453068,25,907.3186401,185.7836547,788,Immerse_Experience,Africell
131,4.629524388,25.23630904,0.928261949,2.12106689,7.483143554,435,95.36372547,98.15951549,100,795.8736148,182.1027019,529,Smart_Grid,Orange
26,17.06666532,29.25739694,0.62921585,5.907642196,9.792030451,397,98.0146013,98.59643244,79,385.4434426,55.98398736,209,ITS,Africell
69,2.431893889,14.67493039,0.221160587,4.763454454,6.286504514,157,99.87136639,95.13250623,23,544.8317496,261.724071,21,Vo5G,Africell
147,5.474855666,1.8131133,0.597975114,17.4589302,7.474017475,447,98.96118062,99.75197909,69,297.1980428,138.5419932,111,Immerse_Experience,Orange
136,19.01606683,43.94237159,0.710559412,10.81970182,9.100149701,241,96.06119641,98.46032725,39,616.8488903,130.1276778,45,e_Health,Africell
46,13.32870435,9.692635471,0.775950257,9.677290419,5.353053431,196,95.88686069,95.72489774,59,410.8389569,467.3359328,143,Connected_Vehicles,Africell
107,0.595879647,45.72256837,0.224300261,19.52729254,4.042750867,124,95.29191493,98.65760301,60,135.0846084,26.3227366,626,Industry_Automation,Africell
57,13.02770748,35.04388226,0.406574424,7.436622408,6.853949833,5,97.7618452,99.62034406,6,628.3230452,193.7079231,681,UHD_Video_Streaming,Orange
62,11.26693771,40.34237604,0.156042487,6.5426296,2.170524714,182,99.68373897,96.31057853,48,327.7312038,352.5955383,591,UHD_Video_Streaming,Africell
17,9.679177976,45.76018693,0.989484415,8.782147815,6.853900742,56,95.77120547,95.35298681,15,179.4362588,139.2741953,107,Immerse_Experience,Orange
9,2.052211753,32.78089052,0.16274077,12.81483555,7.125723355,104,99.41287324,95.10486819,44,743.5066905,51.01401306,431,Smart_Grid,Africell
83,10.92740291,31.80101704,0.739409978,8.391884225,3.373378602,166,96.01804238,96.06826265,22,530.4235438,309.8629897,974,ITS,Africell
54,15.86151759,2.256165178,0.316214616,14.26793683,5.296974705,59,98.74493404,95.1377093,60,780.3468798,230.856285,723,Vo5G,Africell
141,10.42743881,1.452202464,0.956288947,4.400459811,1.358964221,463,98.92360736,98.77322948,44,615.3659645,385.9539486,367,Immerse_Experience,Africell
92,15.50729352,14.61338799,0.523565453,4.608527309,4.596593324,153,99.35584029,98.88116488,79,611.7519914,348.6286422,154,e_Health,Orange
41,0.512985644,24.23463141,0.518897118,1.723328053,2.306429736,385,98.28783637,99.65088936,1,707.9568869,259.1884794,399,Connected_Vehicles,Africell
105,11.50670811,36.43217949,0.310246641,3.962332333,8.752816906,426,95.21164793,98.34497031,11,950.747658,204.9611375,359,Industry_Automation,Africell
110,7.863696739,45.34256392,0.06104045,1.660523532,2.336857724,366,96.73917466,96.45863759,54,124.3670982,154.7581899,649,UHD_Video_Streaming,Africell
2,1.567164398,46.71351961,0.868939947,8.597836148,9.251256336,200,97.97040992,95.13907902,36,81.71910353,129.1324381,239,UHD_Video_Streaming,Africell
145,14.1745166,28.66007925,0.651334371,8.510894352,6.521950462,276,98.19604994,95.50043945,49,281.6534873,338.9680178,57,Immerse_Experience,Africell
148,13.97944239,29.84995105,0.843144957,14.76140508,2.209872033,128,96.74033089,96.0626717,31,887.5813435,394.0598889,63,Smart_Grid,Africell
55,4.493017788,47.45501053,0.018910245,14.53427153,1.51275411,124,95.6209078,96.44992417,58,591.1070541,98.67561039,732,ITS,Orange
9,8.586567016,8.023453833,0.156128931,10.88253117,4.561221818,111,95.61400623,99.80929616,34,464.5287124,286.2223912,298,Vo5G,Africell
43,16.98106551,49.62352309,0.798317932,16.12824925,7.018289056,367,99.59223282,98.92896401,94,670.3634182,254.580996,781,Immerse_Experience,Orange
102,16.01983535,23.79912163,0.615009066,12.58944521,5.523945651,384,95.18997421,96.81574742,100,741.6067013,165.9950099,626,e_Health,Orange
82,16.44263972,20.59653681,0.226187057,5.499781911,9.820784223,83,97.52343308,95.47509407,60,788.685621,259.3040879,786,Connected_Vehicles,Orange
55,13.72004205,36.58070799,0.978646357,7.539094537,3.011112232,13,95.44240795,98.81885304,16,201.9352282,240.4718026,210,Industry_Automation,Africell
59,8.755720921,24.05587749,0.951254829,15.41429238,1.488760623,401,99.78973789,99.5439529,76,825.117991,459.1647201,687,UHD_Video_Streaming,Orange
140,3.571655664,24.49541563,0.145934919,1.304705157,6.534510217,13,95.47197856,98.94520798,25,77.96187928,308.4822051,299,UHD_Video_Streaming,Africell
85,3.539282813,11.75670045,0.032915566,9.050224716,7.72554456,150,95.56129469,97.39020699,76,854.567974,131.5881417,668,Immerse_Experience,Orange
109,3.800814083,28.52396578,0.877248113,2.711854481,4.297905537,404,97.18823546,98.67103712,60,657.6487794,475.6165582,622,Smart_Grid,Orange
149,11.55486562,10.26574997,0.26040874,18.24524871,2.394952752,414,97.8459816,96.45786501,4,37.15241641,486.1984498,790,ITS,Orange
32,0.360746889,19.43855331,0.378156064,14.00072714,1.857991905,244,95.05924712,97.83375417,15,553.3533991,167.5467272,439,Vo5G,Orange
1,11.69906771,16.1835404,0.008259221,6.322394491,5.509592437,196,99.65886279,96.70869066,1,908.0135365,345.1915857,456,Immerse_Experience,Africell
112,14.50450485,6.314172526,0.464540043,9.965808893,4.158714535,139,96.43732355,95.44487376,8,112.4590351,492.5468934,826,e_Health,Orange
123,12.54281086,14.57300171,0.935204773,8.268465064,3.485952088,425,99.66331562,97.74249093,60,169.4037799,336.6329127,326,Connected_Vehicles,Africell
102,16.32924044,41.39957303,0.950623987,19.05813111,2.858883712,87,96.4036374,96.51063173,39,766.6778469,269.084511,920,Industry_Automation,Africell
95,18.86089259,31.31159743,0.044518792,13.6867173,6.810376824,43,98.58424647,95.8078141,54,531.4280264,165.5928124,210,UHD_Video_Streaming,Orange
54,12.16772712,16.23177478,0.4356213,10.86517913,7.846883812,13,97.75665946,98.69587318,64,373.1866244,366.3395841,709,UHD_Video_Streaming,Africell
76,10.05463985,6.357724589,0.952155102,6.654658841,7.947195194,336,97.8393663,95.98735294,67,81.19625487,364.8708455,726,Immerse_Experience,Africell
3,1.142684881,35.56314038,0.911770544,17.52734578,7.90112956,352,96.27740767,99.56590244,51,810.27953,288.1937622,611,Smart_Grid,Orange
104,5.658962355,4.783670772,0.41015712,14.62957216,7.159580359,305,97.92333508,98.66334433,71,17.78342904,464.236872,89,ITS,Africell
48,13.8814391,44.16297871,0.227038883,12.03469062,0.242664566,484,99.83996128,95.77945621,95,832.2292046,490.0715639,45,Vo5G,Orange
18,15.05405439,16.40299765,0.109626604,12.31595468,6.023152557,318,99.62292395,96.51775559,78,874.5666207,378.3737447,749,Immerse_Experience,Orange
68,19.67119233,29.51479061,0.324069357,14.1685623,4.592375281,464,95.67069232,96.92268708,13,645.9661624,285.8937848,794,e_Health,Africell
63,15.22971587,33.22325652,0.078669804,7.785365558,9.314102366,130,98.56293035,96.94771907,90,756.8117725,289.4919366,644,Connected_Vehicles,Africell
76,1.131261687,3.46313581,0.044288561,7.968841605,7.601367385,61,95.99250863,95.67550657,70,433.2936115,472.1572972,193,Industry_Automation,Africell
43,3.871491814,12.73102812,0.39446668,11.8961822,6.471099705,42,99.06796036,96.35701023,60,103.8540386,64.05318628,134,UHD_Video_Streaming,Orange
91,1.075474185,2.892990656,0.72485476,7.583255049,5.371327021,383,99.8496763,97.3972738,76,509.8681464,81.88931344,124,UHD_Video_Streaming,Africell
127,7.119064963,21.23152497,0.258890704,8.762423212,8.483278382,306,96.95789461,98.20483301,19,638.6013507,490.4512987,970,Immerse_Experience,Orange
12,7.930141699,15.77839646,0.021945549,5.013287026,0.560400448,483,98.81153729,97.79781021,68,274.4968114,443.7640341,709,Smart_Grid,Africell
4,0.803835729,43.8710199,0.123212798,11.56242228,1.994712766,208,97.07357475,99.07534656,8,872.1239858,55.32915037,778,ITS,Orange
106,9.619438399,47.16737972,0.90984174,14.75779702,0.358505639,100,96.75632277,95.33037798,56,276.323534,44.06810453,529,Vo5G,Orange
79,5.358923069,23.61322839,0.622628385,8.075930306,0.704877608,280,97.34594429,99.78907214,22,546.3005648,112.7358591,308,Immerse_Experience,Africell
101,2.739801272,17.99773483,0.189678855,16.21040755,4.379028294,283,97.61509182,96.67798884,21,714.1702701,459.4604727,527,e_Health,Africell
130,5.29081153,35.60282032,0.624192775,10.59673567,0.679871138,493,95.29656874,96.03761333,83,751.3853352,272.9642089,256,Connected_Vehicles,Africell
71,8.292478079,6.060207247,0.269766559,1.917859663,7.700869542,203,99.77673177,95.44267855,76,306.4330203,446.5695343,172,Industry_Automation,Orange
1,15.11774811,35.48777207,0.064527801,19.34275126,6.133894643,419,95.55787851,95.09114983,14,863.3247009,132.8071291,477,UHD_Video_Streaming,Orange
135,1.754069241,47.74572678,0.96884641,1.713438455,6.022401667,119,99.90675058,95.05477018,35,686.5763081,442.3033454,946,UHD_Video_Streaming,Africell
115,9.518879933,5.068051748,0.097806174,3.538728566,5.976964269,97,98.17186174,96.74221601,48,25.90593591,256.189256,786,Immerse_Experience,Africell
27,16.34000902,22.20243785,0.071712883,7.269194907,1.063396143,153,95.4160772,97.86985718,97,727.643683,365.2961418,496,Smart_Grid,Orange
61,7.649493195,34.26741081,0.397917171,0.269938418,9.848387905,16,99.82148946,95.87210305,65,158.9297259,176.8491099,793,ITS,Orange
11,6.436396422,4.864291185,0.40311014,13.86297095,5.822642367,371,95.34897673,98.77720681,28,925.8402922,140.8285604,376,Vo5G,Orange
89,16.79269838,23.9379559,0.698587408,0.468333785,4.807330926,81,99.56386286,95.30432984,63,19.3638928,182.7598311,447,Immerse_Experience,Orange
40,0.171375802,40.79262258,0.612839181,11.23264067,9.003442028,312,98.24055475,96.93359593,97,832.9805235,94.93391727,395,e_Health,Africell
69,14.3921864,28.34253603,0.181611156,11.38730815,6.766659899,433,98.3424658,98.43086787,47,770.2741359,190.2021628,705,Connected_Vehicles,Africell
148,11.68008949,40.72203723,0.37801266,4.681073787,1.020251801,417,99.149192,99.51743736,14,508.0464427,362.0344899,382,Industry_Automation,Orange
143,10.83962213,27.37824261,0.358944147,3.530090813,8.356126936,88,99.7051923,99.11207752,62,340.2493295,189.2944328,425,UHD_Video_Streaming,Orange
138,2.114945776,9.602926231,0.6680024,18.5708836,8.458174868,452,99.92995809,98.52272918,31,375.9256203,348.9010597,981,UHD_Video_Streaming,Orange
127,5.387715734,29.28473465,0.346755033,1.930665275,9.781163365,362,99.18482536,95.57979975,30,594.3224093,481.6789053,346,Immerse_Experience,Africell
130,14.36737844,30.98618424,0.669906498,1.500475007,1.203359388,262,97.87831167,99.44662796,11,140.0491513,470.8461946,13,Smart_Grid,Africell
38,15.88994206,23.70184657,0.591026729,8.085862322,0.409704355,294,98.18746554,99.92779755,10,833.4507738,424.9508893,158,ITS,Orange
24,10.25228081,20.19155374,0.319484902,2.569717897,3.829074275,177,98.10685292,99.97873269,51,301.9924594,16.54732436,50,Vo5G,Orange
71,7.365203589,0.586400959,0.53146978,9.019534545,9.230934067,165,95.19331235,95.9913202,23,173.9889125,333.8078158,372,Immerse_Experience,Africell
119,9.86333367,27.57207414,0.265022,18.68173168,7.180273194,236,99.72893269,98.86422954,50,414.7672858,377.3300052,505,e_Health,Orange
38,17.0471483,27.32342093,0.1801593,3.674281528,9.625689562,30,95.08277896,99.15879669,91,68.52815545,22.92203515,289,Connected_Vehicles,Orange
34,10.68505755,9.590611249,0.745591501,10.67684475,2.983572987,20,99.5615676,96.28590866,63,854.9816767,112.9368068,116,Industry_Automation,Africell
119,15.21777204,16.88673845,0.274887935,4.34895874,8.323680622,217,95.75046214,98.67993677,98,672.9127634,159.6809432,431,UHD_Video_Streaming,Orange
6,14.03756709,7.766316394,0.610389985,10.92650998,0.871613357,109,98.95500598,95.15565227,73,727.5490778,288.1446501,377,UHD_Video_Streaming,Orange
80,1.284188754,14.75582835,0.841941343,1.926746906,6.852585176,131,95.47759417,97.22127848,63,863.9263504,485.0931268,476,Immerse_Experience,Africell
53,14.19383699,8.499233329,0.557859914,18.90298221,4.708413835,204,97.4890655,97.99021958,14,545.2202952,441.6666333,855,Smart_Grid,Orange
150,4.316374164,24.13539369,0.544829423,10.92215859,2.490482667,433,97.89705424,99.62783372,80,625.9434357,393.0525107,53,ITS,Orange
103,0.691212084,17.44994665,0.991276535,18.47434904,1.194942121,465,97.77159503,97.56564661,15,85.96517172,154.3231388,114,Vo5G,Orange
23,7.537057595,5.99516992,0.226189103,17.17849886,9.732437913,245,96.10940719,98.33722555,30,198.2552726,466.2512526,940,Immerse_Experience,Orange
135,16.54413322,44.42664776,0.030208086,13.0541011,2.638740395,317,97.83449034,99.68516396,18,425.0573649,26.0383848,744,e_Health,Africell
12,4.620933105,5.155223153,0.395178263,8.014714244,1.021221156,35,98.62067941,97.84409901,97,431.8569452,67.81900858,148,Connected_Vehicles,Orange
136,19.00753572,3.308908185,0.956872875,8.60073003,7.387935977,239,99.43895752,99.32298669,100,255.3925094,390.9339146,713,Industry_Automation,Africell
102,3.294803371,21.80449004,0.914624297,2.714247609,1.432410036,302,97.3201928,96.64517754,62,13.11458404,177.8103209,910,UHD_Video_Streaming,Africell
6,5.384651301,29.57642867,0.751893981,12.38132423,8.926437353,267,95.54053379,97.73241367,8,509.9099778,331.5877524,234,UHD_Video_Streaming,Orange
116,7.674567917,31.66973306,0.285162295,6.675728093,8.959319944,446,98.70022613,95.71206174,20,206.240376,445.2366346,97,Immerse_Experience,Africell
60,5.503170176,27.7125402,0.382129286,0.494060344,4.457785721,428,99.02211361,96.69296831,51,485.1321094,191.2416297,442,Smart_Grid,Orange
134,8.464880201,48.20778014,0.673771775,15.24363732,8.383988394,98,95.01097688,95.8196157,88,174.8721568,255.2958047,162,ITS,Orange
7,13.5707764,1.743410239,0.587304947,15.88770406,7.720108773,196,98.89092495,99.81505899,5,172.3669805,37.89622396,561,Vo5G,Orange
16,15.41510347,28.89129471,0.269231542,16.10825533,1.236629223,356,97.05757605,99.23258908,64,6.508121475,152.7158361,892,Immerse_Experience,Orange
147,17.27583922,12.94380213,0.225017252,6.896779194,0.300813014,17,96.45638411,97.21292333,47,798.953595,156.3789997,585,e_Health,Africell
135,19.78320751,38.8585463,0.864069817,7.917352031,3.038371508,181,96.16941097,97.22176635,41,553.8960964,187.0361453,200,Connected_Vehicles,Orange
7,5.983547912,37.83378543,0.5700445,13.56791753,4.736345943,197,98.52783545,95.48284076,84,825.4074597,381.6736173,815,Industry_Automation,Orange
11,13.96245394,42.00108872,0.315058733,7.522637945,1.981828159,59,96.91836792,95.29940045,18,131.5326562,350.9035258,218,UHD_Video_Streaming,Orange
135,12.04821565,35.47106167,0.940592964,7.268655731,4.924748484,365,97.9089902,97.15936503,83,76.9103929,335.9459394,797,UHD_Video_Streaming,Orange
32,7.824721937,39.09882296,0.576026485,7.272072179,3.451546214,101,97.86621181,96.92839451,28,157.9527253,345.5610085,718,Immerse_Experience,Africell
109,6.644440283,18.22508664,0.969211677,3.385291488,2.965329505,462,99.23683288,96.60331206,8,869.0171356,463.027466,363,Smart_Grid,Orange
23,14.28336881,36.20571708,0.737575845,12.00870723,4.715652152,255,98.54699209,96.30243516,84,768.1141494,234.1100584,36,ITS,Africell
53,10.69064621,1.576841531,0.031493508,4.261049453,2.317029257,210,99.56676857,99.11647037,86,341.8424566,363.2125592,991,Vo5G,Africell
93,14.2119066,38.23969468,0.469224146,9.693733951,4.105379391,441,99.70319504,95.71637419,51,460.7702335,393.2230125,479,Immerse_Experience,Africell
147,9.560463472,41.91018789,0.585797109,12.21932512,0.623154483,497,95.40492446,96.87865381,94,105.7987665,316.7356362,772,e_Health,Orange
49,4.473635522,27.56667828,0.202944287,12.12605465,8.991826784,127,99.56428881,95.39259667,80,871.243344,324.4338107,948,Connected_Vehicles,Orange
19,17.4900168,23.1674409,0.635778425,19.59659432,8.35653449,330,98.86479948,97.51427332,77,293.4117083,410.5352467,98,Industry_Automation,Africell
77,14.65088069,28.80173168,0.205799912,1.987340119,3.00669289,32,98.64142493,97.04820313,66,267.3265616,171.2545349,886,UHD_Video_Streaming,Africell
136,3.952847708,7.566308491,0.814624956,15.74893372,8.474660874,81,95.99777075,95.05192843,74,929.9708847,306.5508507,98,UHD_Video_Streaming,Africell
22,7.148943704,5.899284268,0.897711333,18.63599475,5.467560507,262,95.48107495,99.81853345,38,265.3308845,143.0310152,79,Immerse_Experience,Africell
61,13.71435507,0.778319526,0.836151475,19.50844338,5.928628571,117,96.85617957,97.21607423,55,641.2401419,361.2097386,39,Smart_Grid,Africell
6,8.443411931,48.36601347,0.290314373,7.791533407,8.84407288,492,99.78454244,99.47906729,72,540.2676323,162.3769978,379,ITS,Orange
91,3.984301253,5.592182084,0.148658311,3.000802603,0.728961707,382,95.23824212,95.34580783,60,569.1394618,146.5509345,853,Vo5G,Africell
140,5.728195231,11.11741745,0.201008028,10.9624572,7.728214519,173,99.30080842,97.54049079,18,904.7589256,352.9594777,602,Immerse_Experience,Orange
120,9.886678382,9.845599082,0.559665059,11.67778008,9.06564988,317,96.91650695,96.01326877,89,120.6969419,483.8550779,314,e_Health,Orange
72,1.142466315,8.212171532,0.004177994,16.91223472,7.012638158,484,97.6274717,97.10558285,39,355.8499959,104.8460965,856,Connected_Vehicles,Orange
82,15.81839676,13.32780725,0.398217712,9.68391083,1.163364904,311,99.24048745,99.42080489,93,492.7499035,224.6373861,970,Industry_Automation,Africell
83,5.106881442,49.23938559,0.068043668,6.625802318,0.349262079,179,97.07061744,95.7329605,44,346.0885485,319.4915774,956,UHD_Video_Streaming,Orange
112,6.330744926,4.619600714,0.609284777,14.39746682,8.042701234,361,98.86246504,97.23548889,3,841.4323774,121.0034019,146,UHD_Video_Streaming,Orange
65,4.536024755,39.87917106,0.822362574,4.891179374,6.716623309,193,95.25639929,96.71257134,72,636.2628347,230.8058703,763,Immerse_Experience,Orange
76,19.66259787,31.82587555,0.671313882,7.38523676,1.619906995,147,95.52892134,96.36615753,57,231.1628642,332.3165336,779,Smart_Grid,Africell
103,19.36976151,26.61661376,0.053434996,15.44054096,4.699282226,49,99.78409089,98.6521666,94,359.7601332,435.4252322,799,ITS,Africell
11,16.26895201,6.837160523,0.137631276,10.2196719,0.936314234,211,97.12335048,97.86910309,14,18.05395455,454.4366681,700,Vo5G,Africell
47,16.74823941,45.01728342,0.040147623,10.98776274,4.030086467,51,99.68249872,95.77582254,79,99.01104351,349.9068928,72,Immerse_Experience,Africell
116,6.105345835,38.69749633,0.128178643,19.16328512,2.532362076,483,99.85015071,96.86214187,66,203.6844267,25.92530723,798,e_Health,Orange
51,3.589069982,9.529158928,0.395476301,1.23356609,7.816716661,127,98.33412404,99.50035503,87,784.5409826,389.3939887,629,Connected_Vehicles,Africell
142,18.58017177,49.84825459,0.366744676,11.05931706,5.472010903,474,99.15601911,96.39746011,77,869.5713578,464.8647125,881,Industry_Automation,Africell
20,16.69977128,40.4146612,0.017103715,0.786204122,6.469158774,302,97.42806987,99.42228742,42,63.2686787,421.8240582,89,UHD_Video_Streaming,Orange
102,13.72890419,9.923902964,0.837357031,19.5433527,6.514369668,436,99.57739002,97.82301305,27,559.3317017,458.4389902,158,UHD_Video_Streaming,Orange
109,12.08399845,40.66335234,0.004186867,17.40926191,7.802351774,46,98.66238295,95.76450793,34,663.2946784,264.3378245,261,Immerse_Experience,Orange
113,13.3029712,49.22891006,0.55738117,13.45200635,6.696035484,84,96.16879931,99.58706609,27,887.9557209,192.6091774,278,Smart_Grid,Africell
84,10.67008517,38.72904816,0.931687443,17.22774755,6.699322118,95,95.74155604,99.43712813,56,775.550318,203.1807532,733,ITS,Africell
8,2.306817352,49.83152743,0.218883184,1.472662952,6.184228215,449,96.13303483,96.05191332,39,886.8916209,416.7063499,447,Vo5G,Africell
77,2.941256064,47.16485851,0.565809718,6.537271668,1.834941658,407,99.62387614,97.6946325,54,305.5534581,314.676495,363,Immerse_Experience,Africell
108,9.38810119,12.19547346,0.784536876,19.02632495,9.887795459,385,95.109756,98.9581939,88,781.2675944,395.4142665,266,e_Health,Africell
129,18.92642972,40.52100787,0.183848374,0.421578873,6.821050418,49,95.5008399,99.15441957,13,383.6550317,353.1069271,907,Connected_Vehicles,Orange
78,8.497516405,14.86748224,0.550659258,6.233610208,7.820958681,311,98.15509235,95.87229268,62,157.8738509,223.5030351,849,Industry_Automation,Africell
31,8.270264748,16.38506637,0.055259796,3.425260767,5.540398039,160,95.08950199,95.37031883,45,527.2120724,316.7388974,654,UHD_Video_Streaming,Africell
6,8.538992576,14.02428753,0.04298516,13.68209491,6.065339143,490,97.11950512,96.79864295,4,734.6393948,423.1682096,293,UHD_Video_Streaming,Orange
20,6.112999447,10.83768058,0.361367758,13.76074394,7.317893256,67,99.06859978,96.29437657,6,829.6115781,14.88107117,755,Immerse_Experience,Orange
134,16.5467379,2.014773985,0.62068325,3.990596174,1.459027651,289,95.57260186,99.6206075,65,423.4493853,97.56796995,4,Smart_Grid,Orange
51,17.10862066,14.50106245,0.21002823,13.57484294,1.435117561,438,97.55936695,97.34281486,64,905.1405942,489.0358355,888,ITS,Africell
111,3.767784738,22.80579312,0.091314214,19.06714363,7.205018497,120,97.22313911,98.09683922,2,567.0696496,316.9112291,507,Vo5G,Orange
108,5.273684536,23.36585211,0.522894039,4.285679818,6.238822882,23,98.28470397,97.31235281,8,353.1901616,57.64779433,852,Immerse_Experience,Africell
105,8.518278623,15.60846575,0.209461522,5.969614884,7.546350937,437,97.92292742,99.52038299,9,687.9663135,487.1223328,262,e_Health,Africell
110,5.028409789,20.88887481,0.592978602,11.25282466,8.42247431,70,95.36608486,96.78702035,60,871.1968903,281.7194182,565,Connected_Vehicles,Orange
79,2.043196744,33.70454314,0.370920489,12.85309482,4.756733873,115,98.02799071,98.9972247,94,602.4832997,265.6466621,511,Industry_Automation,Orange
19,8.750676009,4.206421471,0.098267433,1.899783956,2.03054354,381,95.17855953,95.51646684,24,557.4013209,463.0112081,521,UHD_Video_Streaming,Orange
110,7.361993331,39.30525038,0.040425699,2.725945798,8.712732962,306,99.62852201,98.14600621,93,917.7919238,207.8999704,781,UHD_Video_Streaming,Orange
122,19.7370363,11.86467164,0.394676016,4.944956484,8.036726385,166,98.35560981,98.98335864,23,722.1306331,105.3402943,162,Immerse_Experience,Africell
29,4.942699417,34.19124382,0.068097414,11.84248511,4.147091634,494,99.19352853,96.16352199,28,507.9865318,266.7997569,666,Smart_Grid,Orange
109,3.483583187,29.18385901,0.420329083,5.308564062,6.464934133,19,98.83931123,95.35215554,59,925.088009,239.0629669,994,ITS,Africell
111,9.546055409,20.8030008,0.769974222,16.65016894,9.134456596,426,95.80268063,95.03838782,15,923.3435784,127.0325834,153,Vo5G,Africell
29,8.450530499,19.57743909,0.879900447,17.75854528,1.853687198,311,95.75862684,96.35286343,57,123.7977348,431.3963003,291,Immerse_Experience,Orange
76,14.15911601,35.02434955,0.196848082,11.44941902,8.534677989,218,95.15111227,96.16198345,19,312.5964218,347.605148,248,e_Health,Africell
77,15.78589289,34.30879255,0.018409782,15.45682307,1.229937642,188,96.42168807,96.41730519,71,519.9137248,72.40066134,225,Connected_Vehicles,Africell
147,16.69348435,4.928307226,0.774581699,5.736345918,4.968707517,263,96.25661907,96.1234879,0,647.0465457,341.5019488,858,Industry_Automation,Orange
64,0.263631052,3.483000826,0.704751529,2.378649512,9.639966246,180,98.23864311,96.70060571,40,154.9620372,133.6314839,181,UHD_Video_Streaming,Africell
97,0.284721218,41.69507653,0.356360411,8.473776786,3.642471021,134,98.79723527,98.84389618,46,336.7682406,178.9040943,326,UHD_Video_Streaming,Orange
1,9.251407416,20.08876428,0.485991379,9.356067633,7.702192053,124,96.96000169,98.22820653,37,905.9588897,154.3116214,559,Immerse_Experience,Orange
126,6.166818023,12.19996904,0.795384462,15.48390729,1.609854983,87,99.76673738,96.6603365,3,400.6967086,76.23114283,65,Smart_Grid,Africell
134,17.41363836,5.303345177,0.198476292,12.03869382,4.68306909,417,97.55508368,98.76120393,98,968.4424394,129.170517,25,ITS,Orange
130,8.990510684,19.11215252,0.202522442,15.41204769,6.014020087,229,95.8589616,95.06070969,8,410.0124665,274.1015787,336,Vo5G,Orange
139,15.17388768,9.149528855,0.957071685,11.1729269,5.457960181,488,95.27358244,96.18807817,2,625.5690292,340.9703251,629,Immerse_Experience,Orange
50,19.08276701,32.08682724,0.639516883,17.88866063,6.771508308,472,96.16647696,96.95364741,19,552.0755727,431.673074,917,e_Health,Orange
63,7.608167242,10.53007078,0.879554421,12.13359404,7.374112078,56,99.54351461,99.21622199,89,850.6986978,34.76276834,214,Connected_Vehicles,Orange
117,15.19189435,29.54139983,0.012047865,14.49941527,1.592415869,31,98.66498785,95.43174951,25,176.4775043,320.5664877,908,Industry_Automation,Orange
